{"best": 17.348385926573215, "best_it": 400, "200": {"psnr": 17.058330300930177}, "400": {"psnr": 17.348385926573215}}