{"best": 17.058330300930177, "best_it": 200, "200": {"psnr": 17.058330300930177}}