{"best": 17.19387378877505, "best_it": 200, "200": {"psnr": 17.19387378877505}, "400": {"psnr": 16.876785933931657}}